project_url,title,end_date
https://camp-fire.jp/projects/955763,実写ADV『シブヤスクランブルストーリーズ』 開発参加型クラウドファンディング,2026-07-30
https://camp-fire.jp/projects/948718,【移転をみなさんと一緒に】三陸×盛岡を結ぶ「ただいま」が言える店を、この先も。,2026-08-19
https://camp-fire.jp/projects/956996,「ラジオの中のオフ会」を、もう一度。FM大阪『おふらじ！EX』 復活プロジェクト,2026-08-12
https://camp-fire.jp/projects/938789,FunOutbreak Lv.4 〜アウトドア×フード×チャリティーのイベント,2026-07-29
https://camp-fire.jp/projects/946985,虫が嫌がるデバイス≪最終形態≫５万Hzまで網羅した知覚アプローチ！超小型虫バリア,2026-07-11
https://camp-fire.jp/projects/939045,【福岡・博多にタマリバを創る】朝から食べられるタコス店HAKATACOSを開業！,2026-07-30
https://camp-fire.jp/projects/899212,Elegant︎なうす紫色が煌めく︎！のっき香水プロジェクト,2026-08-01
https://camp-fire.jp/projects/932844,10年分、全部解禁。 これが、WAGYUMAFIAのすべてだ。,2026-07-30
https://camp-fire.jp/projects/941945,5周年の挑戦！物価高の壁を越え、1万人にお誕生日ケーキを届けたい #シェアケーキ,2026-08-06
https://camp-fire.jp/projects/947260,【医師監修ハリ】15分で首・肩・睡眠の悩みに。特許出願中の日本人専用ハリマット,2026-08-29
https://camp-fire.jp/projects/956315,夏休みの歌舞伎町と大阪ミナミで、孤独や不安を抱えた若者の命を繋ぎたい,2026-07-14
https://camp-fire.jp/projects/947613,【日立市発】ドローン映像で描く、海と山に挟まれた街『日立の魅力』を短編映画に！,2026-07-30
https://camp-fire.jp/projects/945102,長岡フェニックス花火｜復興を超えたエール。暗い世を照らす大輪の灯を届けたい,2026-07-14
https://camp-fire.jp/projects/948495,クーロンズゲートSuzaku Nintendo Switch版限定パッケージ再販,2026-07-16
https://camp-fire.jp/projects/961508,トルコ首都「アンカラ城」に日本文化センターを設立するプロジェクト,2026-08-30
https://camp-fire.jp/projects/941714,日蘭交流の記憶――川原慶賀筆「ブロムホフ家族図」修復プロジェクト,2026-08-30
https://camp-fire.jp/projects/951732,国産無添加を守りたい。壊れた機械を再建し日本の未来の食をつなげたい。,2026-07-07
https://camp-fire.jp/projects/959945,自分らしく生きていい。絵本「はなとハチドリ」を出版しLGBTQ＋の若者に届けたい,2026-08-08
https://camp-fire.jp/projects/932725,香川産キウイをキウイキューピー︎︎で全国へPR！,2026-07-30
https://camp-fire.jp/projects/960887,父が守った西葛西の店を未来へ。娘が挑む「CalCal」再生プロジェクト！,2026-08-15
https://camp-fire.jp/projects/944437,愛媛｜消えた地酒文化をもう一度。築150年の古民家から始まるここだけのクラフト酒,2026-08-06
https://camp-fire.jp/projects/912590,小さな森に、帰ってこられる場所を。Kuu Retreatに「食の場」をつくりたい,2026-07-30
https://camp-fire.jp/projects/923013,WL12万超！メカアクション『OMEGA PHENEX』を最高の品質で届けたい,2026-07-22
https://camp-fire.jp/projects/961976,吉川茉優　芸能界引退に向けて最後のCDアルバムを制作したい,2026-08-03
https://camp-fire.jp/projects/942016,日本初・アジア初！つくばで開催する #フットバッグ 世界大会を盛り上げたい！,2026-07-30
https://camp-fire.jp/projects/956191,【柾花音】まだ届けたい音楽がある！EP制作＆ワンマンライブプロジェクト,2026-08-28
https://camp-fire.jp/projects/954116,山森農園再生プロジェクト 〜祖母の白干し梅を、次の世代へ〜,2026-08-30
https://camp-fire.jp/projects/938723,母校150周年、地域と卒業生の想いをつなぐ記念事業,2026-09-10
https://camp-fire.jp/projects/955031,【30gの超軽量】その小ささ、想像以上。指先サイズの超小型メタルカメラ,2026-08-30
https://camp-fire.jp/projects/955058,【世界遺産・韮山反射炉に再び賑わいを】ビールとサンバで挑むイベントを開催したい！,2026-07-30
https://camp-fire.jp/projects/947879,1000人動員プロジェクト。滋賀のハンドボールの未来をつくりたい！,2026-07-05
https://camp-fire.jp/projects/922769,【全曲書き下ろし！】大好きな作曲者さんとみんなで作る「小東ひとな1stアルバム」,2026-07-05
https://camp-fire.jp/projects/943284,311以来ストップした日光のキャンプ場の再生。AI時代の子ども達に自然の原体験を,2026-08-14
https://camp-fire.jp/projects/912336,福岡県立筑紫丘高等学校ラグビー部、80年目の「未来への挑戦」,2026-07-17
https://camp-fire.jp/projects/952124,【日本初・モンテッソーリスポーツ】運動は“自分を育てる時間”になる！,2026-07-30
https://camp-fire.jp/projects/955945,のんふぃく！【水瀬ぴあの】生誕祭応援プロジェクト,2026-07-20
https://camp-fire.jp/projects/946538,圧倒的保冷力12倍！高伝導合金製の保冷剤【モンスター保冷】低温計測試験済！超持続,2026-07-14
https://camp-fire.jp/projects/957206,創業50年、受け継がれたフルレングスボロンロッド製造技術を世界へ！,2026-09-16
https://camp-fire.jp/projects/959418,なぎさ with くるみ＆しずく 新衣装Ver. ぬいぐるみ化プロジェクト,2026-07-12
https://camp-fire.jp/projects/959267,エピックフォークメタル初海外公演に挑戦！ジャパニーズカルチャーをドイツへ！,2026-08-30
https://camp-fire.jp/projects/943374,【STARRY×NIGHT︎】恋文あゆ生誕祭応援プロジェクト,2026-08-26
https://camp-fire.jp/projects/927553,秋田・木都能代発―秋田杉香水から紡ぐ「人の暮らしと文化に出会う心地よい観光」,2026-07-03
https://camp-fire.jp/projects/949874,瀬戸内みかん農家カフェ「笑顔の実家」の創設支援,2026-07-30
https://camp-fire.jp/projects/951872,ついに登場...！Nullぬいぐるみ化プロジェクト！,2026-07-25
https://camp-fire.jp/projects/876780,【鈴鹿8耐クラス優勝へ】トップ走行中の転倒から1年。Kaedear、2年目の挑戦,2026-07-09
https://camp-fire.jp/projects/920933,イタリアで醸すSAKE！ 北イタリア・ピエモンテ州に念願の酒蔵立ち上げ!,2026-07-04
https://camp-fire.jp/projects/940720,フェス・ゴジラ応援企画｜「バーニングミレニアムゴジラ」スーツ制作プロジェクト,2026-08-15
https://camp-fire.jp/projects/959119,2026年7月4日に白方美羽生誕祭を開催させていただきます。,2026-07-02
https://camp-fire.jp/projects/942033,館山の祭りを未来へつなぐ。祭りのパワーで、もっと笑顔に！,2026-07-14
https://camp-fire.jp/projects/930862,動物園学会始動プロジェクト―理論と実践をつなぐ新たな基盤へ―,2026-07-15
https://camp-fire.jp/projects/952674,LADYBABY【來崎せな】生誕祭応援プロジェクト,2026-07-04
https://camp-fire.jp/projects/935160,ツーリング天国・信州に仲間と愛車と泊まれる宿を創りたい！,2026-07-25
https://camp-fire.jp/projects/936613,【栗東・神馬プロジェクト】神社に馬を迎え子どもとふれあう場を！,2026-07-05
https://camp-fire.jp/projects/962909,Pastel Closet【雛城ののか】生誕祭応援プロジェクト,2026-07-28
https://camp-fire.jp/projects/911265,300年続く越ヶ谷秋まつりを、100年先の子どもたちへ。,2026-08-30
https://camp-fire.jp/projects/933807,『旧美濃半薬局』を みんなの居場所として 未来へ残したい！【古民家再生・活用】,2026-08-30
https://camp-fire.jp/projects/962229,【2026松江水郷祭】未来につなげたい！【8月1日・2日】,2026-07-21
https://camp-fire.jp/projects/949286,第110回記念足利花火大会支援プロジェクト！,2026-07-20
https://camp-fire.jp/projects/959014,史上最小型＆最強冷風【冷却-19.6℃！199段階ジェットファン】夏でも瞬間冷却,2026-07-30
https://camp-fire.jp/projects/961938,【100台限定】Apple Watchをバンドで充電！USB-C次世代充電バンド,2026-07-30
https://camp-fire.jp/projects/944472,大樹町発「ピザの奴隷」奇跡の5000枚完売伝説を東京で開花させたい！,2026-07-30
https://camp-fire.jp/projects/957275,主婦70人の挑戦！全国の主婦に『自分らしい働き方』のきっかけを届けたい！,2026-07-30
https://camp-fire.jp/projects/930280,消えゆく茅葺きを、もう一度未来へ,2026-07-04
https://camp-fire.jp/projects/936838,世界約60億台のネットワークのiPhone/Android両対応スマートタグ,2026-08-30
https://camp-fire.jp/projects/952453,これが最後のお願いです！保護犬猫の譲渡会場プロジェクト！,2026-07-30
https://camp-fire.jp/projects/949194,日本の少子化対策へ“まず会う”を増やす新婚活サービス「まずあう」を全国へ広げたい,2026-08-30
https://camp-fire.jp/projects/942111,愛媛県ジンついに完成！温州みかんを使用したクラフトジンをいち早くお届けします,2026-07-18
https://camp-fire.jp/projects/959707,浅虫の火を燃やし続ける！みんなで作る、浅虫温泉花火大会を今年も開催したい！,2026-08-13
https://camp-fire.jp/projects/947538,「孫たちよ、音を継げ。」 〜亡き祖父から受け継いだ沖縄民謡を、一枚のCDに〜,2026-07-04
https://camp-fire.jp/projects/945913,生食認可店！生肉と赤身に絶対のこだわり！大阪天満の焼肉たかしまで楽しいお食事を！,2026-07-30
https://camp-fire.jp/projects/954779,ひざ、腰、痛みをラクにして一生歩く！ 理学療法士監修。一生モノの運動習慣本出版へ,2026-07-30
https://camp-fire.jp/projects/869250,【北陸アルミ】伝説の無水鍋×特注ザル！極上の香りを放つ究極のビリヤニ鍋セット,2026-07-30
https://camp-fire.jp/projects/952450,カラビナ・巻取ケーブル・アップルウォッチ充電が一体化した究極のモバイルバッテリー,2026-07-06
https://camp-fire.jp/projects/947647,児童養護施設改築前に子どもたちと思い出作りのアートプロジェクトをしたい！,2026-07-30
https://camp-fire.jp/projects/959411,2年ぶりの栄冠へ！4年連続全国出場の名門が挑む、北海道少年野球の未来を変えたい！,2026-07-30
https://camp-fire.jp/projects/952943,チペターン「マーモットラグ」化プロジェクト！,2026-07-04
https://camp-fire.jp/projects/923731,【無料チャリティフェス再起動】滋賀“セブザバ”の灯を未来へ！,2026-07-02
https://camp-fire.jp/projects/958000,全国の若者が富山で「人生の神回」を刻む未来へ。初回合宿「カラフル」を開催したい！,2026-08-03
https://camp-fire.jp/projects/936867,【おむすび満】ゆめぴりかの里で空き家を改装し再始動！おむすびで町を元気にしたい！,2026-07-30
https://camp-fire.jp/projects/927998,心豊かな自分時間をくれるイタリア美軸と伝統職人の手仕事未来へ継承する！,2026-07-30
https://camp-fire.jp/projects/912891,もふもふフードがたまらない♪琥珀ねねぬいぐるみ化プロジェクト,2026-07-11
https://camp-fire.jp/projects/937124,『街山みほの裸身を、新作写真集で..』引退を考えた私が、もう一度だけ挑戦します。,2026-08-01
https://camp-fire.jp/projects/962081,北海道から高知へ！全国出場の夢を掴んだ北光ファイターズを応援してください！,2026-07-27
https://camp-fire.jp/projects/932911,青森開港400年、港とともに歩む青森市の歴史を未来へつなぐプロジェクト,2026-08-13
https://camp-fire.jp/projects/958305,【世界選手権に挑戦】世界大会で救助犬の必要性を広め支援の輪を拓く,2026-08-30
https://camp-fire.jp/projects/960516,2026年7月19日梅田BANGBOOにて伊倉すい生誕祭を開催させていただきます,2026-07-17
https://camp-fire.jp/projects/934687,お寺の娘が日本人初の世界グランプリを目指す中学生の物語,2026-07-06
https://camp-fire.jp/projects/941253,ＡＩめがね１本リアルタイム翻訳！見て話して操作！音楽・通話・撮影・解説すべて完結,2026-07-30
https://camp-fire.jp/projects/960952,【高校女子サッカーの頂点へ】十文字高校インターハイ2026日本一挑戦プロジェクト,2026-08-30
https://camp-fire.jp/projects/940111,北海道の大自然とアイヌの知恵を活かした教育・療育活動拠点をつくりたい！,2026-09-15
https://camp-fire.jp/projects/958996,徳島から世界へ！子どもたちの未来を変えるロボットフェスを届けたい,2026-07-14
https://camp-fire.jp/projects/959445,名古屋で毎日開催、イマーシブシアターの常設施設をオープン！,2026-08-30
https://camp-fire.jp/projects/945844,日本近代製靴の祖・西村勝三創設【桜組製靴】商標復刻ロゴ入りシューズを作りたい！,2026-08-20
https://camp-fire.jp/projects/944677,【減税TV２周年！】減税を広めるYouTube番組をさらに成長させたい！,2026-07-30
https://camp-fire.jp/projects/939104,女子野球に夢を！神奈川県女子学童野球選抜『YAMAYURI』の遠征費を支援したい,2026-08-20
https://camp-fire.jp/projects/962175,【全国大会へ挑戦】3年生3人の中学野球 清瀬球友会、奇跡の夏を愛知で！,2026-08-14
https://camp-fire.jp/projects/934438,深く眠れる【ヤバイ】ベッドフレームをみなさんに,2026-08-30
https://camp-fire.jp/projects/958169,"【継続開催決定】累計1,000万支援/2026年版・動物病院の犬ポスター",2026-07-22
https://camp-fire.jp/projects/912845,【赤羽小150周年】赤羽小学校と街の発展を支える絆づくりプロジェクト,2026-07-02
https://camp-fire.jp/projects/958819,車のガラスの汚れの根源を掻き取り、拭きムラなく一気にクリアな視界へ！,2026-08-15
https://camp-fire.jp/projects/961993,マイナーガール【美羽ゆん生誕祭2026 】応援プロジェクト,2026-07-17
https://camp-fire.jp/projects/956928,ナナコロビヤオキ【水田茉莉】生誕祭応援プロジェクト,2026-07-26
https://camp-fire.jp/projects/948124,学歴や職歴に次ぐ“第3の指標”を、社会の新しい基準にする挑戦,2026-08-08
https://camp-fire.jp/projects/944155,ドキュメンタリー映画『みなまたの木から受け継いだバトン』全国上映支援のお願い,2026-08-29
https://camp-fire.jp/projects/952336,【存続の危機】雪害、米価暴落、物価高の三重苦を乗り越え、魚沼の米作りを守りたい！,2026-08-14
https://camp-fire.jp/projects/958388,コスパ最強リカバリーウェアの量産体制を整えたい。,2026-08-23
https://camp-fire.jp/projects/953861,おふとんですやすや♪ばすぴすティッシュケース化プロジェクト！,2026-07-10
https://camp-fire.jp/projects/961245,ばあちゃん喫茶を、未来の社会福祉インフラへ。全国47都道府県へ！,2026-08-23
https://camp-fire.jp/projects/932265,【沼津】ひものん生誕10周年！みんなの力で可愛くお色直し,2026-08-13
https://camp-fire.jp/projects/957841,iON!【鈴都りせ】生誕祭応援プロジェクト,2026-08-09
https://camp-fire.jp/projects/938707,『かわいいキメラ』ぐにょちゃんクッション&ブランケットプロジェクト,2026-07-03
https://camp-fire.jp/projects/943764,自主制作アニメ「インコカラーズmini」の制作費支援プロジェクト,2026-08-29
https://camp-fire.jp/projects/962152,【会津発】100万円で高校生探究の“最初の一歩”を支えたい「100探」,2026-08-29
https://camp-fire.jp/projects/958864,【長浜少年野球団】大分県の野球少年たちを全国大会へ！,2026-08-05
https://camp-fire.jp/projects/952101,1985年の「将軍」プラティニのシグネチャーモデルのスパイクが日本製で蘇る,2026-07-13
https://camp-fire.jp/projects/928993,白州・甲斐駒の恵みを生かす！麹づくり、味噌づくりを次代に繋ぐプロジェクト,2026-07-22
https://camp-fire.jp/projects/940288,珈琲・紅茶のプロが推す、鮮度を守る優れた真空キャニスターをご紹介,2026-08-29
https://camp-fire.jp/projects/944653,出版記念特別感謝祭を開催！子どもの可能性をさらに引き出す本、啓発プロジェクト！,2026-08-24
https://camp-fire.jp/projects/919907,劇団「響人」本公演、再始動。 その第一歩を、あなたと一緒に踏み出したい。,2026-07-29
https://camp-fire.jp/projects/935082,MIRUIプロジェクトVOL.52｜本屋を取り戻す。地域の文化拠点と店長の挑戦,2026-09-18
https://camp-fire.jp/projects/944860,銀座で30分寝るだけ、全身美白エステ専門店OPEN！新感覚の技術を体験せよ。,2026-07-29
https://camp-fire.jp/projects/959651,一緒にお祝いしよう！『口の悪いうさちゃん』10周年記念BOXプロジェクト,2026-07-31
https://camp-fire.jp/projects/956085,旅も日常も気軽に残せる4K Vlogカメラ【AUSEK POCKET】,2026-08-29
https://camp-fire.jp/projects/938050,Uターンして故郷小樽に蒸留所をつくりたい。日本初！お寺の地下でつくるクラフトジン,2026-08-14
https://camp-fire.jp/projects/952071,【武蔵野美術大学】本物の美術体験を全国へ。「旅するムサビプロジェクト」,2026-08-28
https://camp-fire.jp/projects/958118,【創業100周年】北海道ニセコメロンを全国へ！次の100年への高橋農園の挑戦,2026-07-29
https://camp-fire.jp/projects/947991,“止まらない挑戦”2人で再始動！前田兄弟・映像とライブで未来を変える,2026-07-15
https://camp-fire.jp/projects/953228,京都北部の魅力を未来へ残したい！,2026-08-16
https://camp-fire.jp/projects/945947,8月のアートイベントに先駆け、準備資金+原画先行販売+応援を募ります！,2026-08-04
https://camp-fire.jp/projects/960236,人生は、何歳からでも再編集できる 〜新しい一歩を踏み出したい女性へ～,2026-09-14
https://camp-fire.jp/projects/952662,"【元ハウスメーカー営業16年】後悔しない家づくり""施主力""の教科書を届けたい",2026-07-29
https://camp-fire.jp/projects/931624,春は、必ず来る。がんを経験した母が届ける命を守るためのドラマMVプロジェクト,2026-07-29
https://camp-fire.jp/projects/948479,インドネシアの子どもたちを笑顔にするための学生の本気の挑戦,2026-07-17
https://camp-fire.jp/projects/952665,厳しい時代だからこそ挑戦したい。西条市にパーマネントジュエリー専門店をつくります,2026-07-29
https://camp-fire.jp/projects/963370,ラストシーン【古賀みれい】生誕祭応援プロジェクト,2026-07-31
https://camp-fire.jp/projects/949033,3年夢見た世界大会へ！ロボ世界No.1への挑戦＆僕たちの経験を次世代へ継げたい！,2026-08-08
https://camp-fire.jp/projects/961402,夏の車内、背中とお尻のムレから解放16個のクールファンが空気を循環ブリーズシート,2026-09-05
https://camp-fire.jp/projects/937090,吉村作治×石井竜也｜震災15年、福島・浜通りで「未来の夢」を紡ぐアートを創りたい,2026-08-08
https://camp-fire.jp/projects/963378,ハルカエコー【芦名ゆい】生誕祭応援プロジェクト,2026-08-05
https://camp-fire.jp/projects/943383,「新たな和」コンピレーションアルバム 第3弾「ワコンピVenue」始動,2026-07-03
https://camp-fire.jp/projects/961257,【1周年記念】瑠澪ルミナLive2D化プロジェクト,2026-08-14
https://camp-fire.jp/projects/938001,【最後の中学ハンド】2026岡山の熱戦を全国に“感謝のライブ配信！”,2026-07-30
https://camp-fire.jp/projects/953562,『女性を活かす会社、腐らせる会社』出版プロジェクト,2026-07-14
https://camp-fire.jp/projects/957242,【新規就農×菌ちゃん農法】皮ごと食べられる！ミシュラン品質の希少イチジク。香川県,2026-07-29
https://camp-fire.jp/projects/953148,子どもが夢中になるお米作り！コメサンタフェス2026の開催で新しい農業の未来を,2026-08-29
https://camp-fire.jp/projects/937594,学生たちによる演劇『ライチ☆光クラブ』の公演実現を目指しています！,2026-07-29
https://camp-fire.jp/projects/945870,【持ち歩く安心】サッと提示。燕三条製の純チタン・極薄マイナンバーカードケース,2026-07-27
https://camp-fire.jp/projects/962535,お歌のミュージカルを開催したいのにゃ…！,2026-07-05
https://camp-fire.jp/projects/963483,三重県伊勢市から全国に挑戦！！,2026-07-29
https://camp-fire.jp/projects/936348,ホログラム×音声対話｜歌で癒しを届ける「UtaMe（うたミー）」開発プロジェクト,2026-08-29
https://camp-fire.jp/projects/935164,名古屋の子どもに“挑戦できる居場所”を。アーバンスポーツパークを建設したい！,2026-08-29
https://camp-fire.jp/projects/948445,【和SHOKU FES】食・文化・人がつながる3日間を。新感覚食フェスを開催！,2026-07-03
https://camp-fire.jp/projects/950757,観客としてだけでなく「創り手」に！手話と歌で繋がる1000人コンサートを創りたい,2026-07-29
https://camp-fire.jp/projects/936309,ITで「見えない空き家」問題を解決したい！空き家率No.1の和歌山で学生が挑む！,2026-07-24
https://camp-fire.jp/projects/958902,【快挙】高専バドミントン30年の歴史を変えるインターハイ初出場！,2026-07-25
https://camp-fire.jp/projects/951265,このまま終われない、創業１３７年続く徳島の小さな酒蔵が、次の１００年へ挑む理由,2026-07-08
https://camp-fire.jp/projects/956389,ドレスコード【小鈴もゆ】生誕祭応援プロジェクト,2026-07-04
https://camp-fire.jp/projects/943607,【栃木市】解体される土蔵「永楽屋」を未来へ。蔵の記憶をつなぐ最初の一歩,2026-07-02
https://camp-fire.jp/projects/938446,【全日本モトクロス頂点へ】4歳からの夢、高校生守大夢・福島から全9戦完全挑戦！,2026-07-21
https://camp-fire.jp/projects/918000,もう少しだけ手を広げたくて。高知市への移転プロジェクト,2026-07-29
https://camp-fire.jp/projects/960918,"祝・3年連続｜3,893家庭が選んだ、画面に頼らない英語デビューBOX",2026-08-29
https://camp-fire.jp/projects/896377,【きものすなお】捨てないで！着ないまま眠っている１億着の着物を活用したい,2026-07-29
https://camp-fire.jp/projects/961500,【引退後も挑戦するボクサー14人の物語を未来に残したい！】 2冊同時の出版に挑戦,2026-07-29
https://camp-fire.jp/projects/935075,【机龍之介】泣き虫龍ちゃん、スカッシュ世界一への大航海！ROAD to 2028,2026-07-29
https://camp-fire.jp/projects/950367,〈レイダス〉大地に立つ。「機動転生」【18m級】等身大広告製作プロジェクト,2026-09-04
https://camp-fire.jp/projects/956172,LiLY10歳記念プロジェクト〜バースデーライブをみんなで盛大にお祝いしたい！〜,2026-09-03
https://camp-fire.jp/projects/909037,再犯率0%の現場が生んだ一生モノの思考のOS～やり方を学ぶ前に脳を鍛えなおす～,2026-07-25
https://camp-fire.jp/projects/951054,安心して食べられる場所を届けたい “食べることをあきらめない”移動型地域食堂,2026-07-10
https://camp-fire.jp/projects/953946,「吉祥寺OVER COFFEE HUB 屋上を開放！カフェ×コワーキング新拠点」,2026-07-29
https://camp-fire.jp/projects/948290,おめかしにんまり♪おいしい毎日をおさんぽ！ねこちゃんのぬいぐるみ化プロジェクト,2026-07-10
https://camp-fire.jp/projects/954692,ありのままで大丈夫と思える夏をヘアロスキッズに届けたい！キッズ合宿プロジェクト,2026-07-24
https://camp-fire.jp/projects/957951,物価高の壁を越えて。堺ラグビースクール、10年に一度の伝統・NZ遠征にご支援を！,2026-09-02
https://camp-fire.jp/projects/950263,平成の地下アイドルは、まだ終わっていない。,2026-08-26
https://camp-fire.jp/projects/933815,【昭和の兄弟10周年×昭和音頭】“富山発・全員参加型祭”で心躍る未来を!,2026-07-29
https://camp-fire.jp/projects/946751,ラーメンのすべてをこの一冊に。『ラーメン全史』出版プロジェクト！,2026-07-13
https://camp-fire.jp/projects/936546,コーヒー、お茶でもこれ一つで十分な魔法のガラス急須AIRO-mini BLACK,2026-07-29
https://camp-fire.jp/projects/951799,【月夜湖キャンプ場がグランドOPENへ】みんなで感動のメイン看板作りに挑戦！,2026-07-05
https://camp-fire.jp/projects/936152,海苔漁師が絵本づくりに挑戦！海苔を通じて食文化の豊かさを子どもたちに伝えたい！,2026-07-08
https://camp-fire.jp/projects/958009,"【一夜にして243,840貝を損失】一水産・阿波はじめ牡蠣復活への挑戦。",2026-08-18
https://camp-fire.jp/projects/940871,食料自給率向上！耕作放棄地再生！日本人の為の農業ネットワークを全国に拡大したい！,2026-07-29
https://camp-fire.jp/projects/955150,ハルカエコー【平沢かえ】生誕祭応援プロジェクト,2026-07-04
https://camp-fire.jp/projects/943896,パッキングのプロが作った多機能スーツケースバッグ『SwitchPack』日本上陸,2026-07-29
https://camp-fire.jp/projects/912887,マウスを持つ時代は終わり。指輪ひとつでスマホもPCも自由自在！親指だけで簡単操作,2026-07-10
https://camp-fire.jp/projects/938445,そうへいまんのPEACE COLAをみんなで完成させたい,2026-08-13
https://camp-fire.jp/projects/946405,一生モノのタイを手元に 完全限定生産   タイ食文化の旅雑誌『TALAT』創刊,2026-07-10
https://camp-fire.jp/projects/946987,【ただの給餌器じゃない。開発費1億円】留守番中の不安を消すAIペットシッター登場,2026-07-25
https://camp-fire.jp/projects/945452,【入場無料】八代発・豪華アーティスト×地元共演！「ヤッチロフェス2026」,2026-07-17
https://camp-fire.jp/projects/943461,創部40周年記念｜まだ知らない熱狂を、市川の皆様と！市川ブルーサンダース,2026-07-29
https://camp-fire.jp/projects/957547,現在地のキャパ限界を打破する24時間フィットネスジム拡張移転,2026-09-11
https://camp-fire.jp/projects/958001,20歳の決断！！　160㎝の小さな挑戦者。ニューヨークのコートで世界と戦う。,2026-08-13
https://camp-fire.jp/projects/951117,世田谷のワインバー店主が、43歳で長野に帰る理由。,2026-07-24
https://camp-fire.jp/projects/953121,【これ一本で吸引から圧縮まで】掃除の常識を覆す！コードレスミニ掃除機｜VC013,2026-07-07
https://camp-fire.jp/projects/948441,いつでも隣に♪「ニグ」ぬいぐるみ化プロジェクト,2026-07-31
https://camp-fire.jp/projects/952013,歌月えん「最強アップデート」新LIVE２D制作プロジェクト,2026-08-29
https://camp-fire.jp/projects/956083,生涯、荒唐無稽！3度目の正直、ゼロフジゼロ往復627km完走への挑戦,2026-07-29
https://camp-fire.jp/projects/956908,【最小級×AIスキャン】あなたの作業効率を爆上げするハイエンドポータブルスキャナ,2026-08-18
https://camp-fire.jp/projects/956819,【学生×音楽で地域に恩返し】創団50周年記念演奏会＆楽器修理ご支援のお願い,2026-07-29
https://camp-fire.jp/projects/959236,花魁道中【守逢りづ】生誕祭応援プロジェクト2026,2026-07-16
https://camp-fire.jp/projects/954726,「 Love Brain」出演者への負担を減らし、最高のエンタメを作りたい,2026-08-21
https://camp-fire.jp/projects/953683,トラウマを抱える女性を支えるピアスペース「そよふわハウス」を存続＆法人化したい！,2026-08-03
https://camp-fire.jp/projects/964298,第2回スナックアフランを実現したい！,2026-07-17
https://camp-fire.jp/projects/959142,プロ卓球選手五十嵐史弥が全国の選手と指導者が学び合えるオンライン卓球教室を開校,2026-07-29
https://camp-fire.jp/projects/956886,【もう一度、歌で世界をつなぐ】初芝崇史 20周年・再出発の全国&アジア公演支援！,2026-08-29
https://camp-fire.jp/projects/960183,浜松ジャガーズ 初の全国大会への挑戦！　子供たちの”熱い夏”応援プロジェクト！,2026-08-29
https://camp-fire.jp/projects/964186,文楽版『街の灯』の上演を記念して、チャップリンの御子息来日を実現させたい！,2026-07-15
https://camp-fire.jp/projects/959043,累計出荷数2千個◎500gで軽量なのにステンレス製で丈夫！ハンドドリップセット,2026-08-29
https://camp-fire.jp/projects/956243,病気や障がいのある子どもたちの“MLB観戦＆テーマパーク”海外体験を実現したい！,2026-08-05
https://camp-fire.jp/projects/953311,日本人が世界で勝てる証明を！プロピックルボール船水雄太、世界一への挑戦,2026-09-04
https://camp-fire.jp/projects/935848,全国のライダーズカフェを巡り、日本のバイク文化を1冊の本に残す！,2026-07-26
https://camp-fire.jp/projects/941242,日本最大級の学生主体まちおこしイベント　水戸ティーンズフェスティバル2026,2026-08-29
https://camp-fire.jp/projects/955724,「何度でもやり直せる」再出発を支える『心のことば』を全道の刑務所に！,2026-07-08
https://camp-fire.jp/projects/936333,沖縄と鎌倉、空手で人がつながる「鎌倉空手の日」を開催したい！,2026-09-19
https://camp-fire.jp/projects/953215,「シャム猫あずきさん」ふかふかラグ化プロジェクト！,2026-07-10
https://camp-fire.jp/projects/950538,電源も水道もいらない！洗車も掃除もこれ一台で完結するミニコードレス高圧洗浄機,2026-07-29
https://camp-fire.jp/projects/926649,あなたと叶えたい、ice 3Dお披露目配信実現プロジェクト,2026-07-29
https://camp-fire.jp/projects/941574,甘く広がる、ぎゅっとつまった果肉、甘味たっぷりの桃を皆様にお届けしたい,2026-07-06
https://camp-fire.jp/projects/953392,洗濯機にポンと入れるだけ！洗剤を減らせて毛玉や毛の付着も防ぐ魔法のボール,2026-07-28
https://camp-fire.jp/projects/955820,ドルフィンズ発！地域みんなで創る 部活動に代わる大人と子どもの青春プロジェクト,2026-07-31
https://camp-fire.jp/projects/946034,【愛媛のVTuber】個人勢の挑戦！バーチャルとリアルを繋ぐ個人事務所設立PJ！,2026-08-30
https://camp-fire.jp/projects/955508,【生地温泉唯一の宿】115年愛されたお風呂と「手仕事のおもてなし」を守りたい！,2026-07-10
https://camp-fire.jp/projects/947542,愛媛・栗産地のモンブラン。人口2500人の消えゆく産地と農家の未来を守りたい,2026-07-29
https://camp-fire.jp/projects/953837,お部屋に置くだけで、ゆるかわ空間に♪もずくティッシュケース化プロジェクト,2026-07-10
https://camp-fire.jp/projects/956749,令和8年8月8日、　宮崎の山に200人のオフグリッドフェス開催,2026-07-18
https://camp-fire.jp/projects/943372,【ぜろから☆すた→と】水瀬らゆん生誕祭応援プロジェクト,2026-08-29
https://camp-fire.jp/projects/952425,平和を実現した日本人が作った万年の智慧が内在する日本語の簡単修得法を広く届けたい,2026-08-29
https://camp-fire.jp/projects/958605,沖縄から全国へ！チーム初の挑戦、絶対に掴みにいきます！,2026-07-29
https://camp-fire.jp/projects/955325,膵臓がんで余命を告げられた母の子どもたちへの愛のメッセージ絵本。,2026-07-22
https://camp-fire.jp/projects/955540,牛乳離れ・原料高・人手不足の三重苦。飛騨の牛乳屋が未来へ繋げる牧成舎の挑戦！,2026-09-15
https://camp-fire.jp/projects/928870,鹿児島の職人がつくる、世界基準の一杯。限定コラボウイスキーを届けたい。,2026-07-29
https://camp-fire.jp/projects/956173,【この町Camp】子どもが主役！消防士と共に未来へ繋ぐ救命防災Camp,2026-08-22
https://camp-fire.jp/projects/952759,花と緑に包まれる田園調布カフェ計画｜flower HyggEの新たな挑戦！,2026-08-29
https://camp-fire.jp/projects/960657,認知症になってもみんなでミマモロウ。公共施設に啓発トイレットペーパーを。,2026-08-29
https://camp-fire.jp/projects/951488,TENRIN【霞あげは】生誕祭応援プロジェクト,2026-07-22
https://camp-fire.jp/projects/947581,3期生進行中！毎年100人の瀬戸内の若者が海外留学に挑戦できる世界を実現したい！,2026-07-24
https://camp-fire.jp/projects/958338,AI時代のWiredへ。長編OVA『lain : Protocol 7』,2026-08-29
https://camp-fire.jp/projects/961184,空気の上で眠る。酷暑の夏も快適な新素材マットレス,2026-07-29
https://camp-fire.jp/projects/946969,誰もが安心してかかれる精神科医療を目指して、人権擁護団体の基盤を整備したい,2026-08-29
https://camp-fire.jp/projects/951666,活動20周年を記念する今年、アンサンブル室町のドイツ公演を実現させたい！,2026-08-20
https://camp-fire.jp/projects/935845,点数を取る英語から、自分の言葉で話せる英語へ。自ら問いを立て人生を創る子に！,2026-07-26
https://camp-fire.jp/projects/960504,夏芽のん生誕クラウドファンディング,2026-07-05
https://camp-fire.jp/projects/955111,毎日のながらケアに。座ったままできる新しいウェルネス習慣。,2026-08-29
https://camp-fire.jp/projects/957326,【誰でも主役になれる場所】体験型ダンスイベントで福井をもっと盛り上げたい,2026-08-06
https://camp-fire.jp/projects/954014,【衝撃】あの落書きが立体化―圧縮雑学チャンネル「ワタシ」ぬいぐるみプロジェクト,2026-07-14
https://camp-fire.jp/projects/935865,病と向き合う子供達の笑顔を守るために！ヘアドネーションの輪を日本中に広げたい！,2026-07-29
https://camp-fire.jp/projects/935618,サウナを次のステージへ！水着着用で男女共に楽しめる湯らっくす2号店を福岡に開店,2026-07-29
https://camp-fire.jp/projects/943142,エンディングノートを社会インフラに！「いつか書く」から「いま書いてみんなで使う」,2026-07-16
https://camp-fire.jp/projects/960226,結成4年で九州大会初出場！ピカピカのユニフォームで大舞台に挑む,2026-07-31
https://camp-fire.jp/projects/951502,【八上和希】新曲制作と全国ツアーで大阪城ホールへの第一歩を踏み出したい！,2026-07-29
https://camp-fire.jp/projects/956109,富士・御殿場発　子供達の未来の為「みんなで作るクルマのミュージアム」を作りたい！,2026-08-29
https://camp-fire.jp/projects/942599,「死ぬな、生き抜け」　全国の児童養護施設へ『生きる力』を届けたい,2026-08-08
https://camp-fire.jp/projects/960608,【東春朝鮮初級学校80周年】子どもたちに安心の学び舎を！改修応援プロジェクト,2026-08-20
https://camp-fire.jp/projects/938996,キッズドラムの発表会を成功させたい!!,2026-07-09
https://camp-fire.jp/projects/933150,《人形劇団むすび座》児童福祉施設などの子どもたちに人形劇を届けたい！,2026-08-29
https://camp-fire.jp/projects/954792,バーチャルシンガーYuNi「株式会社YuNi on BMC」設立,2026-07-29
https://camp-fire.jp/projects/951561,ピーター・バラカンが選ぶ音楽映画祭！本邦初上映をみんなで実現したい！,2026-07-29
https://camp-fire.jp/projects/939557,西宮に世界中のルービックキューブ仲間&音楽仲間が集まる夢のコミュニティスペース。,2026-07-29
https://camp-fire.jp/projects/963395,iLiFE!【若葉のあ】生誕祭応援プロジェクト,2026-08-25
https://camp-fire.jp/projects/956094,40歳から人生はもう一度輝く！女性たちの人生再挑戦ステージを全国へ届けたい！,2026-08-14
https://camp-fire.jp/projects/954449,【滋賀 長浜】お菓子で皆を笑顔にするお店un rythme、5年越しに実店舗へ。,2026-08-29
https://camp-fire.jp/projects/957812,MEGAFON【好実れん】生誕祭応援プロジェクト,2026-08-15
https://camp-fire.jp/projects/960372,9カップバストUPした私が伝えたい。自分を幸せにすると決めた日から全てが動き出す,2026-08-29
https://camp-fire.jp/projects/950440,伊勢神宮ゆかりの”神秘の島”の民宿を島民と観光客が交わる拠点に！建築学生の挑戦,2026-07-29
https://camp-fire.jp/projects/946582,島原に、ホルモン屋みゅう　希望と賑わいあふれる昭和の屋台文化をもう一度。,2026-08-22
https://camp-fire.jp/projects/960252,【みんなでつくる生誕祭！】“毒甘うさぎ”石原美沙紀 新曲&新衣装大作戦,2026-07-29
https://camp-fire.jp/projects/947885,【日本代表】タグフットボールW杯へ｜“楕円の輪”を世界へ広げたい,2026-07-29
https://camp-fire.jp/projects/955049,「海を描き、海を伝えて生きていきたい。」,2026-07-18
https://camp-fire.jp/projects/944886,世界が息をのむ「日本の魂」が消える前に。職人の神業を120本の映像で遺す,2026-07-08
https://camp-fire.jp/projects/964305,【8月9日開催・神楽坂】アフラン学園軽音部ライブを実現させたい！,2026-07-17
https://camp-fire.jp/projects/934867,「調味料の中身がひとめでわかる！」特許技術で家事ストレス軽減 ＆トキメキへ！,2026-08-28
https://camp-fire.jp/projects/950900,スラム街に希望のギャラリーを！BONBO STARSが世界へ羽ばたく挑戦！,2026-07-13
https://camp-fire.jp/projects/930648,アーティストの表現の幅を広げたい！～アートでひらく、自分らしい社会とのつながり,2026-07-27
https://camp-fire.jp/projects/948824,不可能と言われた一歩を！脊髄損傷者のホノルルマラソン初完歩プロジェクト！,2026-07-29
https://camp-fire.jp/projects/956390,被爆81年、手話ダンスで平和への誓いを世界へ！BlueStar2026開催へ,2026-08-29
https://camp-fire.jp/projects/957864,"AI時代に""豊かに生きる""ための、新しいお金の資格をつくります",2026-08-24
https://camp-fire.jp/projects/939108,夏のジャズフェス - 八ヶ岳の自然と音楽が織りなす新たなコミュニティ,2026-07-09
https://camp-fire.jp/projects/895148,北海道から、和牛の未来を届けたい。～和ぎゅリー製作プロジェクト～,2026-09-16
https://camp-fire.jp/projects/951499,市民映画祭で文化の灯をもう一度,2026-08-14
https://camp-fire.jp/projects/952102,岩国駅、新岩国駅構内の装飾を施し、岩国にお越しになられた皆様をおもてなししたい！,2026-07-29
https://camp-fire.jp/projects/930321,あの日誓った夢。75歳の父と三兄弟でつくる『世界一あたたかい』実家のような飲食店,2026-08-28
https://camp-fire.jp/projects/944456,【コリア・フォーカス】をリニューアル。日本と朝鮮半島をつなぐ新たな「公論の場」に,2026-07-29
https://camp-fire.jp/projects/957040,泊まれる谷戸の実験室「実間-minoma-」をひらきます,2026-07-18
https://camp-fire.jp/projects/940155,写真家・上田優紀　七大陸最高峰制覇への最終章　南極・北米・南米の三座登頂に挑む!,2026-08-04
https://camp-fire.jp/projects/922214,長野の真ん中に音楽を愉しむ場を作る！,2026-07-18
https://camp-fire.jp/projects/964308,【8月２日開催・原宿】アフラン学園歌劇部ライブを実現させたい！,2026-07-17
https://camp-fire.jp/projects/891272,市場で無価値とされる命を社会課題解決の鍵へ転換！12頭の牛と創る未来のインフラ,2026-07-29
https://camp-fire.jp/projects/947173,第6回世界身体障害者野球大会～諦めなかった物語の続きを、共に闘いましょう！,2026-08-29
https://camp-fire.jp/projects/945645,選手・観客・スタッフ、関わるすべての人の心に残る大会をつくる。,2026-07-10
https://camp-fire.jp/projects/962785,【猿馬虎生誕祭2026】応援プロジェクト,2026-07-29
https://camp-fire.jp/projects/952402,【用途無限大】シリコングリップで挟むだけ！どこでも固定できる新発想スマホホルダー,2026-07-29
https://camp-fire.jp/projects/953639,仙台に、姿勢と健康を育てるウォーキングスタジオを作りたい,2026-07-29
https://camp-fire.jp/projects/963470,日本の技術を世界へ。アントワープから日本のファッションデザインを更新したい。,2026-08-25
https://camp-fire.jp/projects/962921,ネイルをするだけじゃない。「笑顔が溢れるサードプレイス」をつくりたい,2026-08-07
https://camp-fire.jp/projects/952810,ギターウルフ presents『シマネジェットフェス 2026』,2026-08-29
https://camp-fire.jp/projects/945250,VTuberあさはねむゐ4周年 記念応援広告をリスナーと実現！,2026-07-29
https://camp-fire.jp/projects/933661,【ありすりあ生誕祭2026】応援プロジェクト,2026-08-05
https://camp-fire.jp/projects/961362,阪神タイガース　象印ステンレスマグ&ステンレスタンブラー事前販売開始！,2026-07-29
https://camp-fire.jp/projects/960431,全国の小学校・中学校に「自己肯定感」の本を届けたい！子どもの生きる力を伸ばす,2026-08-13
https://camp-fire.jp/projects/955260,赤ちゃんの落下に怯える夜から、家族で眠れる夜へ。テント型ベッドガード,2026-07-17
https://camp-fire.jp/projects/938468,【植村直己冒険賞受賞】スピアフィッシャー・小坂薫平の物語を世界へ！,2026-09-04
https://camp-fire.jp/projects/958742,【三重県】尾鷲市唯一のスーパー銭湯をパワーアップ！サウナ設備を充実させたい！,2026-07-25
https://camp-fire.jp/projects/957779,声優・折笠愛主宰朗読劇公演「結びの風」を、ファンの皆様と一緒に創りあげたい！,2026-08-13
https://camp-fire.jp/projects/937929,【ポストロックバンドAYANO】新譜レコード化&ヨーロッパリリースプロジェクト,2026-07-29
https://camp-fire.jp/projects/933638,紀宝町ウミガメ公園｜ウミガメの命を地域で守る。持続可能な保護の仕組みを作る挑戦！,2026-07-24
https://camp-fire.jp/projects/953916,人生の全てを懸けてドイツでプロサッカー選手になる。20歳 小森諒士,2026-07-18
https://camp-fire.jp/projects/963845,【寄絃 - Yo2La】咲夜めぐ生誕祭2026応援プロジェクト,2026-07-26
https://camp-fire.jp/projects/907427,「環境エピジェネティクス入門」を出版したい,2026-07-31
https://camp-fire.jp/projects/944847,"幼馴染10人が""耕作放棄地""をいちご畑に蘇らせる！地元・栃木から農業の未来を耕す",2026-07-29
https://camp-fire.jp/projects/956309,【14歳で単身渡仏】ジュニア日本代表 久野佑隼がヨーロッパから世界トップへ挑戦！,2026-08-21
https://camp-fire.jp/projects/960239,#PANnana-パンダの指は実は7本ある。-【天野ちなつ】生誕祭2026,2026-08-29
https://camp-fire.jp/projects/938584,【なにこれ!?って聞かれる】画面の中で推しが動く、新感覚デジタルバッジ再販決定！,2026-07-27
https://camp-fire.jp/projects/956828,「支援から価値創出へ」和歌山から世界へ挑戦する福祉プロジェクト,2026-09-13
https://camp-fire.jp/projects/927133,沖縄から全国へ。KBC高等学院サッカー部の「海を越える」挑戦を応援してください！,2026-07-30
https://camp-fire.jp/projects/952504,「空想と妄想とキミの恋した世界」始動。7.20渋谷音楽堂から始まる私たちの物語。,2026-07-17
https://camp-fire.jp/projects/940008,世界へ届ける希望の絵本『AKARI』で小児がん患者・家族に絵本を届けたい,2026-07-29
https://camp-fire.jp/projects/950497,子ども達に「大きな夢」を！未来へつなぐ新作ミュージカル『URASHIMA』の挑戦,2026-08-29
https://camp-fire.jp/projects/943346,動かぬ体、溢れ出す感情。ALS合⽥朝輝監督の奇跡の映画をリッツカールトンで初公開,2026-08-29
https://camp-fire.jp/projects/955955,ジャパニーズウイスキーの美味しさを世界に。BAR FRAUが専門店へ,2026-07-29
https://camp-fire.jp/projects/932897,【愛知・岡崎市】祖父の工場を再生し、心に灯を燈すカフェとコミュニティを作りたい！,2026-07-10
https://camp-fire.jp/projects/947209,リングと呪怨を超える。Jホラーで世界を震わせる映画を一緒に作ろう,2026-07-17
https://camp-fire.jp/projects/961348,ぎゅっと抱きしめて！つり目ねこぬいぐるみ化プロジェクト,2026-08-09
https://camp-fire.jp/projects/962062,迷子ゼロ収納×瞬間アクセス！BODYとHIPでシフトする高機能2WAYバッグ,2026-08-29
https://camp-fire.jp/projects/943720,つくばセンターの歴史をひもとき、センター広場でオペラコンサートを行いたい！,2026-08-18
https://camp-fire.jp/projects/957920,テンシンランマン【琴音うな】生誕祭応援プロジェクト,2026-08-01
https://camp-fire.jp/projects/963846,プエラの絶対値【星宮愛夢】卒業公演を盛り上げたい！,2026-07-09
https://camp-fire.jp/projects/962080,カミサマパレード 夢宮かるた 生誕祭応援プロジェクト,2026-08-24
https://camp-fire.jp/projects/965961,statcastデータやセイバーメトリクスで遊ぶ野球GMゲームの作成,2026-09-02
https://camp-fire.jp/projects/954891,灼熱の少年院に、冷たいジュースとアイスを一緒に差し入れよう,2026-08-29
https://camp-fire.jp/projects/959555,特許技術で深い味わいを最短５分で実現。真空抽出コーヒーメーカー＋密封キャニスター,2026-08-29
https://camp-fire.jp/projects/948548,お金の問題で終わらせたくない。藤島イルミネーション9年目、次の10年へ。,2026-07-29
https://camp-fire.jp/projects/953665,「再起の誓い-滝ともはる 70歳での音楽活動拠点の再開支援プロジェク,2026-07-18
https://camp-fire.jp/projects/952623,必要な瞬間に、必要なサイズに伸縮！独自の特許構造が叶える、ポケットサイズの長財布,2026-09-07
https://camp-fire.jp/projects/954041,【5枚パネル、9関節】で、様々なデスク環境にも理想のライティングを,2026-07-29
https://camp-fire.jp/projects/946740,30秒の戦いに魂を注ぐ！初のダブルダッチ日本代表！日の丸を表彰台にあげたい！,2026-07-15
https://camp-fire.jp/projects/957369,LADYBABY【月街えい】生誕祭応援プロジェクト,2026-08-01
https://camp-fire.jp/projects/944212,【都心から90分】現代のストレスをリセット！東京で味わう究極の【滝行】体験,2026-08-18
https://camp-fire.jp/projects/963127,【新発想のロール構造】大容量×驚異のアクセス性。進化系バッグ「ROTOLO X」,2026-07-29
https://camp-fire.jp/projects/948667,越境創作能をマレーシアの国際フェスティバルで上演！日馬文化融合したミックス能！,2026-09-23
https://camp-fire.jp/projects/905192,A2ミルクで白浜町を変える！２頭のジャージー牛と挑む小さな牧場の挑戦！,2026-07-18
https://camp-fire.jp/projects/959449,販売者も配送業者も悪くない。物流トラブルを減らす新しいダンボールに挑戦,2026-07-29
https://camp-fire.jp/projects/958215,「うまのまち」福島県南相馬市から、馬たちの未来をつくりたい！,2026-09-02
https://camp-fire.jp/projects/937037,【浪江から復活】15年の時を経て故郷で醸す。初心者・女性に贈る革新の日本酒誕生,2026-07-29
https://camp-fire.jp/projects/949372,地震に老朽化　創業100年 宮崎市の和菓子店 桐木神楽堂の建て替え物語,2026-08-13
https://camp-fire.jp/projects/957099,カルメラ結成20周年記念ライブを、ファンのみなさんと共に盛り上げたい！,2026-07-29
https://camp-fire.jp/projects/954205,CASIOPEA L.A.公演 Blu-ray化プロジェクト,2026-08-23
https://camp-fire.jp/projects/943522,【眺めながら熟成を味わう】香りも味も自分好みの一杯へ。変化を楽しむ樽熟成体験,2026-08-29
https://camp-fire.jp/projects/952143,Liリーグとともに囲碁界の新しい未来を紡いでいきましょう！,2026-08-15
https://camp-fire.jp/projects/963403,AdamLilith【響羽リズ】生誕祭応援プロジェクト,2026-08-23
https://camp-fire.jp/projects/959076,茨城県水戸市の魅力詰まったふるさと映画を水戸市で上映を行いたい,2026-08-28
https://camp-fire.jp/projects/961089,日本刀の玉鋼を、日々のそばに。備前長船の刀匠が鍛えた龍虎の御守型ひとふり,2026-08-29
https://camp-fire.jp/projects/955385,浜松町で創業45年！脳梗塞の父のために備長炭火焼とりごえのリフォームを行いたい！,2026-07-29
https://camp-fire.jp/projects/958005,三重県菰野町・昭和42年設立のレトロなホテル「希望荘」を盛り上げたい！,2026-08-29
https://camp-fire.jp/projects/956244,6年の空白を越えて。【フリースキー 元日本代表】樋本真結、NZ復帰戦への挑戦,2026-09-22
https://camp-fire.jp/projects/964667,「山伏の智慧」を日本、世界へ届けたい！ 羽黒山伏・星野文紘先達 出版プロジェクト,2026-09-21
https://camp-fire.jp/projects/963458,秩⽗限定の⾚いぶどう「ちちぶ ⼭ルビー」を全国に広めたい,2026-08-07
https://camp-fire.jp/projects/941936,【福島県郡山市で創業155年】の伝統と極上の辛口酒『雪小町』、危機からの脱出！,2026-08-29
https://camp-fire.jp/projects/921094,マジカル・パンチライン【吉澤悠華】生誕祭応援プロジェクト,2026-07-09
https://camp-fire.jp/projects/950945,愛すべき変な人々のための居場所を存続させたい！アソビカイギ８年目のアップデート！,2026-07-09
https://camp-fire.jp/projects/951144,【緊急SOS】300万の国産うずら卵を救ってください。プロも認めた逸品を食卓へ！,2026-08-23
https://camp-fire.jp/projects/963328,1988年に亡くなった漫画家「湊谷夢吉」の全集を刊行したい【第一弾】,2026-08-29
https://camp-fire.jp/projects/951383,風じゃない、冷たさを届ける。半導体冷却搭載ハンディファン,2026-07-29
https://camp-fire.jp/projects/935275,一緒に育てよう！現役農大生の挑戦、熱海・湯河原の養蜂プロジェクト,2026-07-13
https://camp-fire.jp/projects/946436,【母から子へ・子から母へ】 言葉の贈り物で絆を深める本「50のこと」プロジェクト,2026-09-25
https://camp-fire.jp/projects/961897,『沖縄から韓国へ！』  糸満南小学校女子ミニバスケ部 遠征支援プロジェクト,2026-08-29
https://camp-fire.jp/projects/953383,パラレルサイダー【彩音ゆの】生誕祭応援プロジェクト,2026-07-15
https://camp-fire.jp/projects/962035,【みんなで作る！さん家祭り2026シール】日本最大級のシールイベントでの挑戦,2026-07-28
https://camp-fire.jp/projects/941874,「ほわいと杯2027」「プロセカ甲子園2027」開催プロジェクト  Phase1,2026-07-29
https://camp-fire.jp/projects/943877,再び香りを届けたい｜調香師MACOTT「天然熟成香水」再誕プロジェクト,2026-07-29
https://camp-fire.jp/projects/934281,【高校生英語ディベート世界大会】世界へ挑む日本代表チームをケニアへ！,2026-07-30
https://camp-fire.jp/projects/940237,遅咲きアイドル“Velvet Kiss“始動,2026-07-17
https://camp-fire.jp/projects/932623,岡山児島、ジーンズストリートの3姉妹が挑戦！祖父母の意思を未来に残したい！,2026-07-29
https://camp-fire.jp/projects/932591,アカデミズムと言論への挑戦：2026年単著出版プロジェクト,2026-08-18
https://camp-fire.jp/projects/909144,海賊サウナ — サウナ文化に“革命”を起こす、新しい温浴体験。,2026-08-20
https://camp-fire.jp/projects/942535,第1弾：油脂を落とし、傷を整える。SENSE‑Rの新たな武器を手に入れろ,2026-09-25
https://camp-fire.jp/projects/954277,受賞歴多数のパティシエが手がける、船橋の会員制夜パフェバー,2026-08-13
https://camp-fire.jp/projects/949437,10年越しの夢を、あなたと。 「おんぷらんと」の絵本制作プロジェクト,2026-08-29
https://camp-fire.jp/projects/946097,念願の実店舗！！ここからキムチで日本を元気にする！！,2026-08-29
https://camp-fire.jp/projects/863380,アジアNo.1へ！競技なわとび日本代表7名の壮絶跳戦！,2026-08-22
https://camp-fire.jp/projects/952376,日本のお茶を、世界の日常に ―ブリスベンに、日本人初の日本茶専門店を―,2026-08-29
https://camp-fire.jp/projects/960005,無名VTuberが勝手に始めた「心の焚火」──孤独に悩む人が帰れる場所を未来へ,2026-08-29
https://camp-fire.jp/projects/950922,オストメイトファッションショーをパリコレで！おむつに続く、世界の常識を変える挑戦,2026-08-29
https://camp-fire.jp/projects/966340,【あたまのなかは8ビット︎︎！？】叶生誕祭応援プロジェクト2026,2026-07-18
https://camp-fire.jp/projects/961692,日本一への挑戦！下北沢成徳バレー部のインターハイ応援プロジェクト,2026-08-05
https://camp-fire.jp/projects/959094,FMベスビアス第3章、始まる。日本最大の“花火の余韻”を一緒につくりたい！,2026-08-14
https://camp-fire.jp/projects/938933,ふぐのドキュメンタリー映画「GUN FISH」（ガンフィッシュ）完成に向けて！,2026-07-13
https://camp-fire.jp/projects/947394,"スマホは""差すだけ""。片手でサッと取り出せる快適通勤トート",2026-08-09
https://camp-fire.jp/projects/958033,宮城県利府高校男子バスケットボール部全国大会出場応援！,2026-08-18
https://camp-fire.jp/projects/949929,日本のセドナ、宮崎・綾町へ！馬と大自然の力で本能を取り戻す再生フィールドを作る,2026-08-29
https://camp-fire.jp/projects/918789,【10 周年記念】キャラクターを着ぐるみ化して「黄金の体験」を広めたい！,2026-08-21
https://camp-fire.jp/projects/943888,オンラインを飛び出して！パン屋の枠に収まらない、誰もが挑戦できる場所を作りたい。,2026-08-29
https://camp-fire.jp/projects/955885,【骨伝導イヤホンの決定版】「ながら聴き」であらゆるアクティブシーンをより快適に。,2026-08-29
https://camp-fire.jp/projects/954517,世界最高峰の料理大会へ。浅野シェフ、日本代表の挑戦を応援しよう！,2026-09-04
https://camp-fire.jp/projects/946558,"""1周年記念！お店のグレードアッププロジェクト""",2026-07-29
https://camp-fire.jp/projects/950682,すべての子どもたちが安心して『ただいま』と言える居場所を東大阪に。,2026-09-06
https://camp-fire.jp/projects/927391,アメリカ横断して個展を開催したい！,2026-07-21
https://camp-fire.jp/projects/949634,一人で頑張る時代は終わり。100㎡コミュニティ型ジムLUAANA CLUB始動！,2026-08-26
https://camp-fire.jp/projects/955597,シェフドナートのピザをもう一度お届けするために！,2026-07-29
https://camp-fire.jp/projects/951191,自由に行きたい場所へ。 荷物は全部、バッグはひとつ。,2026-08-29
https://camp-fire.jp/projects/932219,⽇本のだるまをイタリアへ！多様な価値観を世界に届けたい!,2026-08-14
https://camp-fire.jp/projects/952795,【日本の死生観をニューヨークへ】ポップに真面目に死を語る場を世界に広げたい！,2026-07-29
https://camp-fire.jp/projects/953466,SUMMER JACK FINAL！10年間ありがとう！最後の夜空に花火を！,2026-07-11
https://camp-fire.jp/projects/948210,墨象家「TONTOKU」イタリアサルディーニャ市長協賛海外ソロ個展プロジェクト,2026-07-14
https://camp-fire.jp/projects/955805,【甲状腺がん】今の声を残したい！Jazzシンガー堀北やこアルバム録音・最後の挑戦,2026-08-16
https://camp-fire.jp/projects/959062,【明治大学男子チアANCHORS】“あなたの支えになる’’史上初の夏公演開催へ！,2026-07-29
https://camp-fire.jp/projects/959321,デスゲーム開幕支援プロジェクト,2026-08-29
https://camp-fire.jp/projects/953255,「世界で戦うゴルファーに！」鈴木みなみ・アメリカ留学挑戦プロジェクト,2026-07-29
https://camp-fire.jp/projects/946400,【水を変えたら、朝が変わった】与那国の化石サンゴでカラダが喜ぶ水習慣を！,2026-08-13
https://camp-fire.jp/projects/954496,無所属・野良シンガーソングライターHINAZUKIの2ndアルバム制作,2026-08-14
https://camp-fire.jp/projects/966258,【にゃんこと移転応援】逆境を乗り越えアットホーム猫カフェを守りたい！！,2026-08-29
https://camp-fire.jp/projects/959098,福岡県飯塚市八木山！！モトパーク・オートキャンプ場,2026-09-28
https://camp-fire.jp/projects/951284,沖縄で18年続いたCrossFit Asiaを、もう一度みんなの場所へ。,2026-08-29
https://camp-fire.jp/projects/955893,～自然豊かな古民家で、家族や仲間と心ほどけるひとときを～,2026-08-24
https://camp-fire.jp/projects/941943,日本文化保育園inラスベガス支援プロジェクト！,2026-07-29
https://camp-fire.jp/projects/952473,【パントマイムのテーマパーク】40歳の挑戦『Verse～游演地～』スペシャル公演,2026-09-28
https://camp-fire.jp/projects/888462,二重跳び連続１００回達成応援イベント 『跳びフェス』を開催したい,2026-08-29
https://camp-fire.jp/projects/945851,9歳で世界へ。諦めなかった先にあった日本代表,2026-07-13
https://camp-fire.jp/projects/949105,【日本人女子選手初！】フットバレー大会に出場するためブラジルへ！,2026-09-28
https://camp-fire.jp/projects/933266,海を越えた想いが、ひとつの光に。若き才能が輝く夢の舞台を応援！,2026-07-16
https://camp-fire.jp/projects/961899,WineBar Pluribus「高級フリーフロー」のVIP会員権募集,2026-07-29
https://camp-fire.jp/projects/964315,離島の文化芸術格差をリズムで埋める。島の未来へ。,2026-08-28
https://camp-fire.jp/projects/957500,オリーブファミリアあしなが基金で障害児入所施設の児童に遊びと学び、豊かな思い出を,2026-09-05
https://camp-fire.jp/projects/959492,GLiT 解散ライブ　AFTER GLOW~GLiT LAST SCENE~,2026-08-29
https://camp-fire.jp/projects/957683,30代 Uターン夫婦が挑む！秋田の稲庭うどん×こだわり“塩だれ”誕生プロジェクト,2026-07-13
https://camp-fire.jp/projects/963381,【STARRY×NIGHT】瀬月とわ生誕祭応援プロジェクト,2026-08-28
https://camp-fire.jp/projects/955831,真空保存で鮮度約5ヵ月！四角い形がキッチンにすっぽり収まる、分割保存できる米びつ,2026-08-13
https://camp-fire.jp/projects/917672,ニトリレディスひがし北海道初開催！釧路カントリーホストコース記念プロジェクト,2026-07-13
https://camp-fire.jp/projects/965988,ムツゴロウ王国芦刈夏まつり- 夏の花火大会を盛り上げるプロジェクト,2026-07-30
https://camp-fire.jp/projects/946447,14年間続けてきたインドでの実践を、次の未来へつなぎたい。,2026-07-26
https://camp-fire.jp/projects/955266,DIAVEL 姫ノ実そあら 生誕祭応援プロジェクト,2026-07-27
https://camp-fire.jp/projects/965164,多年生穀物Kernza（カーンザ）の魅力をクラフトビールで届けたい！,2026-07-29
https://camp-fire.jp/projects/959164,【杉並ライオンズ全国挑戦】石岡の子ども達に夢の舞台を！遠征費サポートプロジェクト,2026-08-06
https://camp-fire.jp/projects/952616,みんなで鉄板を囲もう！！春日部にもんじゃと手作り惣菜の“わくわく食卓”を作りたい,2026-07-29
https://camp-fire.jp/projects/957757,年々寝苦しくなる日本の夏の夜に冷却革命！直冷えだから朝まで快適。水冷式冷却マット,2026-09-05
